description,category_id
–ú–µ—Ä—Å–µ–¥–µ—Å w124 —Å–∞—Ç—ã–ª–∞—Ç 180000 —Å–æ–º 0772184891,9
–°–∞—Ç—ã–ª–∞—Ç —É–π –ù–æ–æ–∫–∞—Ç—Ç–∞ 0700123456,8
–ñ—É–º—É—à –∫–µ—Ä–µ–∫ –æ—Ñ–∏—Ü–∏–∞–Ω—Ç –∫—ã–∑–¥–∞—Ä 0559808243,12
–≠–∫–∏ —ç—á–∫–∏ —Å–∞—Ç—ã–ª–∞—Ç 2200 —Å–æ–º 0990181271,10
–ö–∞—Ç—Ç–∞–º –û—à –ù–æ–æ–∫–∞—Ç 0771234567,7
–ü—Ä–æ–¥–∞—é –∞–π—Ñ–æ–Ω 12 128GB 0500123456,11
–ü–æ–ø—É—Ç–∫–∞ –û—à ‚Üí –ù–æ–æ–∫–∞—Ç —ç—Ä—Ç–µ“£ –º–µ–Ω–µ–Ω 0700555666,7
–°–∞—Ç—ã–ª–∞—Ç —É–π –ù–æ–æ–∫–∞—Ç —Ä–∞–π–æ–Ω—É–Ω–¥–∞ 554100200,8
–ë–ú–í –µ39 –∞–±–∞–ª—ã –∂–∞–∫—à—ã 501778899,9
"–°–∫–æ—Ç —Å–∞—Ç—ã–ª–∞—Ç —É–π, –±—É–∑–æ–æ –±–∞—Ä 550334455",10
–¢–µ–ª–µ—Ñ–æ–Ω —Å–∞—Ç–∞–º —Ä–µ–¥–º–∏ –Ω–æ—É—Ç 12 707889900,11
–ñ—É–º—É—à –±–∞—Ä –æ—Ñ–∏—Ü–∏–∞–Ω—Ç –∫—ã–∑ –∫–µ—Ä–µ–∫ 553221144,12
–ù–æ–æ–∫–∞—Ç—Ç–∞ –∫–æ–Ω—Ü–µ—Ä—Ç –±–æ–ª–æ—Ç 25-–∏—é–Ω–¥–∞ 700112233,13
–ü–æ–ø—É—Ç–∫–∞ –ù–æ–æ–∫–∞—Ç ‚Üí –ë–∏—à–∫–µ–∫ 554665544,7
–ê—É–¥–∏ 100 —Å–∞—Ç—ã–ª–∞—Ç 190000 —Å–æ–º 501332211,9
–ñ—É–º—É—à –∏–∑–¥–µ–π–º –∞–π–¥–æ–æ—á—É –±–æ–ª—É–ø 550908070,12
–°–∞—Ç—ã–ª–∞—Ç –∫–≤–∞—Ä—Ç–∏—Ä–∞ –û—à—Ç–æ 554667788,8
–°–∫–æ—Ç –∞–ª–∞–º —É–π –∂–µ –∫–æ—á–∫–æ—Ä –∫–µ—Ä–µ–∫ 700889977,10
–ü–æ–ø—É—Ç–∫–∞ –û—à ‚Üí –ö—É–ª–∞—Ç–æ–≤ 0770222111,7
–°—É—É —Ç–æ–∫—Ç–æ–ª–æ—Ç —ç—Ä—Ç–µ“£ –º–µ–Ω–µ–Ω 9:00–¥”© 700112299,13
–°–∞—Ç—ã–ª–∞—Ç —Ç–µ–ª–µ—Ñ–æ–Ω —Å–∞–º—Å—É–Ω–≥ –ê32 553441122,11
–ö–≤–∞—Ä—Ç–∏—Ä–∞ –∏–∂–∞—Ä–∞–≥–∞ –±–µ—Ä–∏–ª–µ—Ç –ù–æ–æ–∫–∞—Ç—Ç–∞ 707009900,8
–ú–µ—Ä—Å–µ–¥–µ—Å 190 —Å–∞—Ç—ã–ª–∞—Ç 554887766,9
–ñ—É–º—É—à –±–∞—Ä –∫—É—Ä—É–ª—É—à—Ç–∞ –∂–∞—Ä–¥–∞–º—á—ã –∫–µ—Ä–µ–∫ 501223344,12
–ü–æ–ø—É—Ç–∫–∞ –ù–æ–æ–∫–∞—Ç ‚Üí –û—à —Å–∞–∞—Ç 7:00 500889922,7
"–°–∫–æ—Ç –±–∞—Ä —É–π, –±—É–∫–∞ —Å–∞—Ç—ã–ª–∞—Ç 553003322",10
–ö–µ—Ä–µ–∫ –∂—É–º—É—à –ø–æ–≤–∞—Ä –±–æ–ª—É–ø 777113355,12
–°–∞—Ç—ã–ª–∞—Ç –¥–∏–≤–∞–Ω –∂–∞–∫—à—ã –∞–±–∞–ª–¥–∞ 700556677,11
–ù–æ–æ–∫–∞—Ç—Ç–∞ –º–µ–∫—Ç–µ–ø—Ç–µ –∏—à —á–∞—Ä–∞ –±–æ–ª–æ—Ç 500776655,13
–¢–æ–π–æ—Ç–∞ –∫–∞–º—Ä–∏ 30 —Å–∞—Ç—ã–ª–∞—Ç 553220088,9
–ü–æ–ø—É—Ç–∫–∞ –ù–æ–æ–∫–∞—Ç ‚Üí –ë–∏—à–∫–µ–∫ 23:00 554998877,7
–ñ—É–º—É—à –∏–∑–¥–µ–π–º –æ—Ñ–∏—Ü–∏–∞–Ω—Ç –∫—ã–∑ 550778899,12
–ö—É–ø–ª—é –±—É–∫–∞ 707334455,10
–°–∞—Ç—ã–ª–∞—Ç –Ω–æ—É—Ç–±—É–∫ –õ–µ–Ω–æ–≤–æ 554443322,11
–ù–æ–æ–∫–∞—Ç—Ç–∞ —ç–ª–µ–∫—Ç—Ä ”©—á”©—Ç 554991122,13
–ö–≤–∞—Ä—Ç–∏—Ä–∞ —Å–∞—Ç—ã–ª–∞—Ç –û—à —à–∞–∞—Ä—ã 700778899,8
–•–æ–Ω–¥–∞ —Ñ–∏—Ç —Å–∞—Ç—ã–ª–∞—Ç 190000 —Å–æ–º 501660022,9
–ü–æ–ø—É—Ç–∫–∞ –û—à ‚Üí –ù–æ–æ–∫–∞—Ç 501334455,7
–°–∫–æ—Ç –∞–ª–∞–º —É–π –∂–µ –±—É–∑–æ–æ 550998877,10
–ñ—É–º—É—à –±–∞—Ä –¥“Ø–∫”©–Ω–≥”© —Å–∞—Ç—É—É—á—É –∫—ã–∑ –∫–µ—Ä–µ–∫ 554220099,12
–¢–µ–ª–µ—Ñ–æ–Ω —Å–∞—Ç–∞–º —Ä–µ–¥–º–∏ 10–ê 700443355,11
–ù–æ–æ–∫–∞—Ç—Ç–∞ —Å—É—É —Ç–æ–∫—Ç–æ—Ç—É–ª–∞—Ç 501228877,13
–ö–≤–∞—Ä—Ç–∏—Ä–∞ –∏–∂–∞—Ä–∞–≥–∞ –±–µ—Ä–∏–ª–µ—Ç –±–æ—Ä–±–æ—Ä–¥–æ 777889900,8
–§–æ–ª—å–∫—Å–≤–∞–≥–µ–Ω –ø–∞—Å—Å–∞—Ç —Å–∞—Ç—ã–ª–∞—Ç 501667788,9
–ü–æ–ø—É—Ç–∫–∞ –ù–æ–æ–∫–∞—Ç ‚Üí –û—à 553224411,7
–°–∫–æ—Ç —Å–∞—Ç—ã–ª–∞—Ç 2 —É–π 1 –±—É–∫–∞ 700119922,10
–ñ—É–º—É—à –∏–∑–¥–µ–π–º –∞–π–¥–æ–æ—á—É 554118800,12
–°–∞—Ç—ã–ª–∞—Ç –≤–µ–ª–æ—Å–∏–ø–µ–¥ –∞–±–∞–ª—ã –∂–∞–∫—à—ã 500119988,11
–ö–æ–Ω—Ü–µ—Ä—Ç –±–æ–ª–æ—Ç –±–æ—Ä–±–æ—Ä–¥–æ 501220033,13
–°–∞—Ç—ã–ª–∞—Ç —É–π –ù–æ–æ–∫–∞—Ç—Ç–∞ 553770099,8
–ú–µ—Ä—Å–µ–¥–µ—Å 124 —Å–∞—Ç—ã–ª–∞—Ç –∞—Ä–∑–∞–Ω 700443322,9
–ü–æ–ø—É—Ç–∫–∞ –û—à ‚Üí –ù–æ–æ–∫–∞—Ç 554991100,7
–°–∫–æ—Ç –∞–ª–∞–º –∫–æ—á–∫–æ—Ä –∫–µ—Ä–µ–∫ 550114477,10
–ñ—É–º—É—à –±–∞—Ä –æ—Ñ–∏—Ü–∏–∞–Ω—Ç –∫—ã–∑–¥–∞—Ä –∫–µ—Ä–µ–∫ 501667799,12
–¢–µ–ª–µ—Ñ–æ–Ω —Å–∞—Ç–∞–º —Å–∞–º—Å—É–Ω–≥ –ê51 553445577,11
–ñ–æ–ª –∞—á—ã–ª–¥—ã –ù–æ–æ–∫–∞—Ç—Ç–∞ 554991122,13
–ö–≤–∞—Ä—Ç–∏—Ä–∞ —Å–∞—Ç—ã–ª–∞—Ç –û—à—Ç–æ 700110099,8
–ë–ú–í 525 —Å–∞—Ç—ã–ª–∞—Ç –∞–±–∞–ª—ã –∂–∞–∫—à—ã 553443211,9
–ü–æ–ø—É—Ç–∫–∞ –ù–æ–æ–∫–∞—Ç ‚Üí –û—à —ç—Ä—Ç–µ“£ –º–µ–Ω–µ–Ω 7:00 501221199,7
"–°–∫–æ—Ç —Å–∞—Ç—ã–ª–∞—Ç —É–π, –±—É–∫–∞, –∫–æ—á–∫–æ—Ä 554008822",10
–ñ—É–º—É—à –∏–∑–¥–µ–π–º –ø–æ–≤–∞—Ä –±–æ–ª—É–ø 700112211,12
–°–∞—Ç—ã–ª–∞—Ç —Ç–µ–ª–µ–≤–∏–∑–æ—Ä LG 553665544,11
–ù–æ–æ–∫–∞—Ç—Ç–∞ —Å—É—É —Ç–æ–∫—Ç–æ–π—Ç 500992211,13
–ö–≤–∞—Ä—Ç–∏—Ä–∞ –∏–∂–∞—Ä–∞–≥–∞ –±–µ—Ä–∏–ª–µ—Ç –û—à —à–∞–∞—Ä—ã 550990077,8
–•–æ–Ω–¥–∞ —Ü–∏–≤–∏–∫ —Å–∞—Ç—ã–ª–∞—Ç 553443322,9
–ü–æ–ø—É—Ç–∫–∞ –û—à ‚Üí –ù–æ–æ–∫–∞—Ç –∫–µ—á–∏–Ω–¥–µ 554228811,7
–°–∫–æ—Ç –∞–ª–∞–º —É–π –∂–µ –±—É–∑–æ–æ 700009922,10
–ñ—É–º—É—à –±–∞—Ä –æ—Ñ–∏—Ü–∏–∞–Ω—Ç –∫—ã–∑ –∫–µ—Ä–µ–∫ 501224411,12
–¢–µ–ª–µ—Ñ–æ–Ω —Å–∞—Ç–∞–º –∞–π—Ñ–æ–Ω 11 554778800,11
–ù–æ–æ–∫–∞—Ç—Ç–∞ –º–µ–∫—Ç–µ–ø –∏—à —á–∞—Ä–∞ ”©—Ç–∫”©—Ä”©—Ç 500113355,13
–°–∞—Ç—ã–ª–∞—Ç —É—á–∞—Å—Ç–æ–∫ –ù–æ–æ–∫–∞—Ç—Ç–∞ 553889911,8
–õ–µ–∫—Å—É—Å rx300 —Å–∞—Ç—ã–ª–∞—Ç 554332211,9
–ü–æ–ø—É—Ç–∫–∞ –ù–æ–æ–∫–∞—Ç ‚Üí –û—à 501113355,7
"–°–∫–æ—Ç —Å–∞—Ç—ã–ª–∞—Ç –±—É–∫–∞, —É–π 553332200",10
–ñ—É–º—É—à –∏–∑–¥–µ–π–º –∞–π–¥–æ–æ—á—É 777112299,12
–°–∞—Ç—ã–ª–∞—Ç –Ω–æ—É—Ç–±—É–∫ Asus 554990011,11
–ö–æ–Ω—Ü–µ—Ä—Ç –±–æ–ª–æ—Ç –±–æ—Ä–±–æ—Ä–¥–æ 554883322,13
–ö–≤–∞—Ä—Ç–∏—Ä–∞ –∏–∂–∞—Ä–∞–≥–∞ –±–µ—Ä–∏–ª–µ—Ç 700112233,8
–§–æ–ª—å–∫—Å–≤–∞–≥–µ–Ω –ø–∞—Å—Å–∞—Ç —Å–∞—Ç—ã–ª–∞—Ç 501228800,9
–ü–æ–ø—É—Ç–∫–∞ –û—à ‚Üí –ù–æ–æ–∫–∞—Ç 554334455,7
"–°–∫–æ—Ç –∞–ª–∞–º —É–π, –±—É–∑–æ–æ 553119911",10
–ñ—É–º—É—à –±–∞—Ä –∞—à–∫–∞–Ω–∞–≥–∞ –∫—ã–∑ –∫–µ—Ä–µ–∫ 700445566,12
–°–∞—Ç—ã–ª–∞—Ç —Ç–µ–ª–µ—Ñ–æ–Ω —Ä–µ–¥–º–∏ 10 –ø—Ä–æ 553667700,11
–ù–æ–æ–∫–∞—Ç—Ç–∞ —Å—É—É ”©—á”©—Ç 554220099,13
–°–∞—Ç—ã–ª–∞—Ç –∫–≤–∞—Ä—Ç–∏—Ä–∞ –û—à —à–∞–∞—Ä—ã 500443322,8
–¢–æ–π–æ—Ç–∞ –∫–∞–º—Ä–∏ —Å–∞—Ç—ã–ª–∞—Ç 554331100,9
–ü–æ–ø—É—Ç–∫–∞ –ù–æ–æ–∫–∞—Ç ‚Üí –û—à 700889977,7
–°–∫–æ—Ç —Å–∞—Ç—ã–ª–∞—Ç 2 —É–π 501667700,10
–ñ—É–º—É—à –∏–∑–¥–µ–π–º –æ—Ñ–∏—Ü–∏–∞–Ω—Ç –∫—ã–∑ 554990011,12
–°–∞—Ç—ã–ª–∞—Ç –≤–µ–ª–æ—Å–∏–ø–µ–¥ 553001122,11
–ñ–æ–ª –∞—á—ã–ª–¥—ã –ù–æ–æ–∫–∞—Ç —Ä–∞–π–æ–Ω—É 501113355,13
–°–∞—Ç—ã–ª–∞—Ç —É—á–∞—Å—Ç–æ–∫ –ù–æ–æ–∫–∞—Ç—Ç–∞ 554777800,8
–•–æ–Ω–¥–∞ —Ñ–∏—Ç —Å–∞—Ç—ã–ª–∞—Ç 550998877,9
–ü–æ–ø—É—Ç–∫–∞ –û—à ‚Üí –ù–æ–æ–∫–∞—Ç —ç—Ä—Ç–µ“£ –º–µ–Ω–µ–Ω 700112299,7
–°–∫–æ—Ç —Å–∞—Ç—ã–ª–∞—Ç –±—É–∫–∞ —Å–∞—Ç—ã–ª–∞—Ç 553554422,10
–ñ—É–º—É—à –±–∞—Ä –æ—Ñ–∏—Ü–∏–∞–Ω—Ç –∫—ã–∑ –∫–µ—Ä–µ–∫ 554113399,12
–¢–µ–ª–µ—Ñ–æ–Ω —Å–∞—Ç–∞–º –∞–π—Ñ–æ–Ω XR 553998877,11
–ù–æ–æ–∫–∞—Ç—Ç–∞ —Å—É—É —Ç–æ–∫—Ç–æ–ª–æ—Ç 501224499,13
–ù–∞ –ø—Ä–æ–¥–∞–∂–µ —Ö—É–Ω–¥–∞–π —Å–æ–Ω–∞—Ç–∞ 2019/06 –∞–º–µ—Ä–∏–∫–∞–Ω–µ—Ü —Å –ª–µ–≥–∫–∏–º –∫–∞—Ä—Ñ–∞–∫—Å–æ–º (–ø—Ä–∞–≤–æ–µ –∑–∞–¥–Ω—è—è –∫—Ä—ã–ª–æ) —Å–≤–µ–∂–µ –ø—Ä–∏–≥–Ω–∞–Ω–∞ —Ä–∞—Å—Ç–∞–º–æ–∂–µ–Ω–∞ –Ω–µ –æ—Ñ–æ—Ä–º–ª–µ–Ω–∞ –º–∞—à–∏–Ω–∞ –≤ –ø–æ–ª–Ω–æ–π –∫–æ–º–ø–ª–µ–∫—Ç–∞—Ü–∏–∏,9
–ö—Ä–æ—Å—Å–æ–≤–∫–∏ Premiata –º—É–∂—Å–∫–∏–µ - –ú–æ–¥–µ–ª—å: –∫–ª–∞—Å—Å–∏—á–µ—Å–∫–∏–µ –∫—Ä–æ—Å—Å–æ–≤–∫–∏ —Å —Ñ–∏—Ä–º–µ–Ω–Ω—ã–º –ª–æ–≥–æ—Ç–∏–ø–æ–º –Ω–∞ –±–æ–∫–æ–≤—ã—Ö –ø–∞–Ω–µ–ª—è—Ö,11
–ñ–µ–Ω—Å–∫–æ–µ –ø–∞–ª—å—Ç–æ —Å–≤–µ—Ç–ª–æ-–±–µ–∂–µ–≤–æ–≥–æ —Ü–≤–µ—Ç–∞ —Å —Ä–æ—Å–∫–æ—à–Ω—ã–º —Å—ä–µ–º–Ω—ã–º –≤–æ—Ä–æ—Ç–Ω–∏–∫–æ–º –∏–∑ –ø—ã—à–Ω–æ–≥–æ —Å–µ—Ä–æ–≥–æ –º–µ—Ö–∞ LORETTA,11
"Toyota Crown: 2004 –≥., 3 –ª, –ê–≤—Ç–æ–º–∞—Ç, –ë–µ–Ω–∑–∏–Ω, –°–µ–¥–∞–Ω",9
"–¢—Ä–µ–±—É–µ—Ç—Å—è –ê–≤—Ç–æ–º–∞–ª—è—Ä - –ú–∞—Å—Ç–µ—Ä, –ü—Ä–æ—Ü–µ–Ω—Ç –æ—Ç –¥–æ—Ö–æ–¥–∞, 1-2 –≥–æ–¥–∞ –æ–ø—ã—Ç–∞ –¢—Ä–µ–±—É–µ—Ç—Å—è –º–∞–ª—è—Ä –≤ –î–µ—Ç–µ–π–ª–∏–Ω–≥ –¶–µ–Ω—Ç—Ä",12
–ü—Ä–æ–¥–∞—ë—Ç—Å—è –ú–∞—Ç–∫–∞ –ê—Ñ–≥–∞–Ω —á–∏—Å—Ç–∞—è –∫—Ä—É–ø–Ω–∞—è! –¥–∞—ë—Ç —Ö–æ—Ä–æ—à–∏—Ö —è–≥–Ω—è—Ç! —Å–≤–µ—Ç–ª–∞—è –∫—É—Ä–¥—é–∫ —Ä–∞–∑—Ä–µ–∑ –ø–æ–ª–Ω—ã–π!!,10
"–î–æ–º, 222 –º¬≤, 5 –∫–æ–º–Ω–∞—Ç, –†–∏—ç–ª—Ç–æ—Ä, –ï–≤—Ä–æ—Ä–µ–º–æ–Ω—Ç
‚úÖ –û—Ç–ª–∏—á–Ω–∞—è –ª–æ–∫–∞—Ü–∏—è, –∞—Å—Ñ–∞–ª—å—Ç–∏—Ä–æ–≤–∞–Ω–Ω—ã–µ –¥–æ—Ä–æ–≥–∏.
üìê –£—á–∞—Å—Ç–æ–∫ ‚Äì 4,2 —Å–æ—Ç–∫–∏.
üè† –û–±—â–∞—è –ø–ª–æ—â–∞–¥—å –¥–æ–º–∞ ‚Äì 222 –º¬≤.",8
"–¢—Ä–µ–±—É–µ—Ç—Å—è –ë–∞—Ä–∏—Å—Ç–∞, –û–ø–ª–∞—Ç–∞ –ï–∂–µ–¥–Ω–µ–≤–Ω–æ, 1-2 –≥–æ–¥–∞ –æ–ø—ã—Ç–∞ 
—á–∞—Å—ã —Ä–∞–±–æ—Ç—ã —Å 8:00-20:00 (12 —á–∞—Å–æ–≤), –ø–Ω/—Å—Ä/–ø—Ç. –æ–∫–ª–∞–¥ - 2000 —Å–æ–º + —á–∞–µ–≤—ã–µ",12
–ú–æ–∫–∞—Å–∏–Ω—ã –∏ –ª–æ—Ñ–µ—Ä—ã,11
"–ö–∞–Ω–∞–ª–∏–∑–∞—Ü–∏–æ–Ω–Ω—ã–µ —Ä–∞–±–æ—Ç—ã | –ß–∏—Å—Ç–∫–∞ –∫–∞–Ω–∞–ª–∏–∑–∞—Ü–∏–∏, –ß–∏—Å—Ç–∫–∞ –∑–∞—Å–æ—Ä–æ–≤ –ë–æ–ª—å—à–µ 6 –ª–µ—Ç –æ–ø—ã—Ç–∞",12
